1,0.070475,-0.011015,0.096536,-0.061476,-0.016725,0.00091581,-0.0066227,-0.096629,0.059028,0.101,0.029969,0.022688,-0.062968,0.10425,-0.016551,-0.061371,-0.041329,0.054435,0.13699,0.1173,0.055404,0.13853,0.088282,-0.022321,0.20965,-0.02982,0.020644,0.08611,0.034987,0.062709,0.080412,0.12886,0.18216,0.014141,-0.020298,0.089531,-0.01133,0.11922,0.077839,0.0024214,0.16337,0.038755,0.14148,0.021049,-0.068788,-0.012728,-0.034555,0.15166,0.019513,0.10435,0.17523
0.53254,1,-0.042324,0.066569,-0.25326,-0.081101,-0.097046,-0.0087305,0.086905,0.0019351,-0.1033,-0.050534,0.016175,0.1505,0.079285,0.0072067,-0.029908,-0.10231,0.088297,0.12269,0.087683,-0.13631,0.014043,-0.0018785,0.026609,-0.076169,-0.060675,-0.021788,-0.0087775,-0.047826,0.10661,0.001869,-0.099889,0.037307,-0.010871,0.15974,0.091917,0.046725,-0.04499,0.076222,0.060697,-0.094334,-0.090902,0.043868,0.016547,-0.04938,0.10245,0.076462,0.029759,-0.008202,-0.036725,0.039295
0.36377,0.47628,1,0.063911,0.043673,0.00023347,0.17367,0.037664,-0.0024695,-0.051329,0.017535,-0.011781,0.081729,0.17526,0.15553,0.0021703,0.095416,0.1411,0.11973,-0.10485,0.17671,-0.035317,-0.09271,0.066275,0.078786,0.12298,0.13182,0.052947,0.20226,0.064647,0.028313,0.0055425,-0.039752,0.11757,0.0037296,0.1321,-0.00012729,0.082928,-0.0031979,-0.014522,0.0054296,0.015057,0.016248,0.089436,0.11872,0.038012,0.13979,0.15298,0.053329,0.033375,0.044522,0.02135
0.23291,0.29927,0.40696,1,0.25086,0.013102,0.10043,0.14247,0.065964,0.15152,0.13473,0.056749,0.051748,-0.047381,0.051489,0.034367,-0.023447,0.096271,-0.052332,0.053556,0.078405,-0.010517,-0.069029,0.22091,-0.038929,0.027588,0.19792,0.095033,-0.047146,-0.032231,0.058463,0.12618,-0.0081558,0.07697,0.092418,0.0096118,0.14284,0.13164,0.089775,0.002807,0.0508,-0.09097,0.17246,0.11437,-0.017841,0.0021018,-0.015613,-0.030488,0.034249,0.036451,-0.00096609,0.019501
0.098767,-0.026277,0.20168,0.35427,1,0.14279,0.067531,0.15845,0.13123,0.12432,0.26768,0.1068,0.18209,0.062846,0.013616,-0.042586,0.021907,0.2273,-0.0029501,-0.011979,0.13523,-0.015496,-0.14728,0.18221,0.00062917,-0.036696,0.24894,-0.0023779,-0.064637,0.049848,0.072863,0.16495,0.037237,0.023297,-0.0037355,0.037074,0.077348,0.12138,0.036566,0.050824,0.087914,0.11029,0.22164,0.1587,-0.1743,0.050186,-0.039765,-0.034903,0.0042781,-0.16204,0.034848,0.09375
0.081713,-0.0027238,0.16259,0.048701,0.28765,1,0.13723,0.00074075,-0.061933,0.16329,0.1937,0.030662,0.10697,-0.025942,0.042741,0.0050928,0.1096,-0.0039126,0.12094,0.14706,0.1436,0.040109,0.13809,0.053634,0.042202,-0.013233,0.052254,-0.057834,0.017851,0.020827,0.072398,-0.045176,0.16037,-0.010781,0.1737,-0.013454,-0.14514,0.019928,0.10367,0.093715,0.049991,0.016094,0.043924,0.15513,-0.04138,0.082418,-0.087102,0.038233,0.026101,-0.048411,0.13446,0.096343
0.25835,0.19389,0.33174,0.22586,0.26573,0.27578,1,0.07489,0.055295,0.17159,-0.032492,0.088622,0.014733,0.0058252,0.010567,0.051416,0.033883,0.12517,-0.20303,-0.014368,0.12945,-0.047286,-0.12424,0.068981,0.062154,0.10952,0.01154,0.018755,0.12035,0.062955,0.18559,-0.046868,-0.021191,-0.013873,0.0088732,0.059321,0.046942,0.09648,-0.026688,0.11,0.055006,-0.019903,-0.071349,0.077511,0.044448,0.058902,-0.054473,0.048861,0.087447,0.16864,0.051911,-0.042337
0.40464,0.45963,0.55966,0.28423,0.21999,0.11947,0.29106,1,0.11722,0.22248,0.20754,0.080508,-0.0018373,-0.034654,0.077032,0.091752,-0.0084572,0.072815,-0.0027312,0.017518,0.092423,0.14424,-0.062654,0.088851,0.21227,0.10586,0.19791,0.052789,0.1243,-0.027952,0.26773,0.053854,0.198,0.14184,0.13403,0.086459,0.15338,0.097039,-0.074144,-0.010103,0.28373,0.11857,0.13222,0.2027,0.057148,0.13724,0.077008,0.020524,0.053614,0.18229,0.13789,0.21165
0.22871,0.38836,0.12559,0.082995,-0.057171,-0.010607,-0.03579,0.32408,1,0.18678,0.056542,0.022276,0.07259,-0.052999,0.01792,0.048458,0.029455,0.1197,-0.037091,0.089445,0.13242,0.12591,0.053563,0.06092,0.047269,-0.077122,0.086556,-0.0070228,-0.12547,-0.0044277,0.066253,0.13333,0.10087,-0.03702,0.038746,0.028,0.074563,0.053118,0.036957,0.059765,-0.017844,-0.10192,0.047459,0.14617,0.1409,0.18759,0.093818,0.11798,0.033496,0.079571,0.065149,0.17115
0.39533,0.42912,0.46816,0.34513,0.25985,0.29959,0.33777,0.59143,0.28266,1,0.24601,0.2561,0.055186,-0.040087,0.020683,0.1671,0.039595,0.14283,0.020598,0.21281,0.23996,0.20457,0.1649,0.11414,0.13467,0.01285,0.11177,0.12688,-0.014518,-0.098465,0.19567,0.19493,0.31141,0.06562,0.30354,0.16345,0.1122,0.10449,-0.038597,0.0409,0.10665,0.084039,0.19387,0.29154,0.10597,0.18208,0.075957,0.0037482,0.15883,0.15683,0.078889,0.22984
0.39371,0.30469,0.26389,0.077942,0.12578,0.15557,0.11646,0.24069,0.15859,0.30827,1,0.14777,0.17648,0.011288,-0.022437,-0.0028168,0.020766,0.021822,0.25328,0.17101,0.17948,0.48625,0.075399,0.16816,0.066951,0.1153,0.20169,0.16059,0.029944,-0.067381,0.24048,0.25772,0.62671,0.025322,0.13848,0.079468,0.043274,0.1577,0.020113,0.20861,0.34061,0.21654,0.26088,0.30567,-0.059434,-0.09151,-0.15161,-0.0027,0.051046,0.043397,0.18656,0.40118
0.38475,0.20083,0.17309,-0.043745,0.15968,0.18621,0.069517,0.19297,0.22519,0.22137,0.3889,1,0.11663,0.10419,0.043132,0.10142,0.15573,0.037697,0.08773,0.043076,0.08818,0.22774,0.057256,0.10994,0.024043,0.14036,0.080412,0.0080168,0.10752,0.03151,0.31869,0.083883,0.27928,-0.013018,0.19002,-0.042341,0.10007,0.01626,-0.12165,0.11743,0.17555,0.16191,0.029998,0.089491,0.11885,0.056668,-0.080152,0.05027,0.046152,0.19544,0.22902,0.060086
0.2713,0.41883,0.3445,0.18432,0.19571,0.1263,0.18041,0.30532,0.20141,0.3415,0.45249,0.40313,1,-0.0022275,-0.0042319,-0.056739,0.06725,0.10725,0.031782,0.16943,0.087265,-0.015876,0.13353,0.02736,0.027621,0.053071,0.11817,0.065321,-0.028102,0.0050733,0.12513,0.10429,-0.011182,-0.025308,0.03912,0.095314,0.036198,-0.043022,0.035144,0.10403,-0.092497,0.027705,0.13802,0.099775,-0.070395,0.11453,0.06368,0.066625,-0.063043,-0.02319,-0.058314,0.033414
0.15813,0.19741,0.24112,0.216,0.15135,-0.058584,0.23583,0.19617,0.054271,0.1616,0.035751,0.049366,-0.03841,1,0.12993,0.0971,0.11047,-0.025642,0.096424,-0.0047878,0.092818,-0.034513,-0.1867,-0.023872,0.099594,-0.066421,-0.10731,0.08321,0.093198,-0.15389,0.051796,0.12922,-0.03045,0.064658,-0.11069,-0.033461,0.063829,0.039912,-0.098163,0.17405,0.036807,0.016742,-0.077982,-0.042315,-0.0094514,-0.098704,0.14404,0.11554,0.043872,-0.034059,0.061381,0.027878
0.029162,0.10987,0.27256,0.27553,0.21275,-0.020502,0.13484,0.1581,-0.152,0.036408,0.029465,0.019976,0.070185,0.26085,1,0.076215,0.0086758,-0.060868,0.15321,0.058281,0.14351,-0.10737,-0.023661,0.0018702,0.0041845,0.038638,0.037748,0.0059125,0.1393,-0.083843,-0.058199,0.071417,-0.014169,0.020431,-0.032148,-0.017127,0.020054,0.03396,-0.010907,0.062615,-0.0049688,0.052181,-0.0070178,-0.011578,0.17645,-0.01087,0.11362,0.11274,0.10825,0.06882,0.05092,0.031848
0.092816,0.11703,0.30635,0.13569,0.43664,0.31696,0.20165,0.22562,-0.012219,0.18817,0.030046,0.19708,0.17592,0.023753,0.088631,1,-0.010501,0.040766,0.12517,0.054194,0.18112,0.21875,0.081816,0.040767,0.21362,0.041013,-0.013899,-0.015963,0.1445,-0.12183,0.12235,0.0094683,0.16386,0.080229,0.078879,-0.015137,-0.012632,0.089888,0.01968,0.034943,0.080838,-0.027212,-0.030051,0.0077273,0.1802,0.085889,-0.03422,-0.037358,0.19366,0.19101,0.16906,-0.054027
0.13558,0.10836,0.14401,0.014133,0.14168,0.16306,0.1317,0.087067,-0.049895,0.13261,0.18597,0.21344,0.23702,0.013655,0.086685,0.12792,1,0.041626,-0.060747,-0.01337,0.1124,-0.022278,0.059782,0.017466,0.09946,-0.069393,0.14375,0.047274,0.013362,0.17991,-0.0076013,0.0041635,0.058079,-0.071529,0.15257,-0.025097,0.087179,-0.090168,-0.093205,-0.015433,-0.019868,0.081504,-0.054007,-0.024577,0.16669,0.03905,0.10149,0.13419,-0.079535,0.11269,-0.070127,0.01666
0.25771,0.23057,0.31093,0.28403,0.17242,-0.016137,0.26566,0.27045,0.0084522,0.35879,0.16717,0.097513,0.26075,0.15367,0.062522,0.15033,0.16619,1,-0.094381,-0.037578,0.17739,0.0038513,0.042376,0.02017,0.075055,-0.00716,0.20932,0.097648,-0.053678,0.043487,0.0083751,0.026809,-0.052369,0.090781,0.1507,0.03762,0.0040231,-0.014394,0.076242,-0.016817,-0.058437,0.018575,0.011443,0.16034,0.071859,0.081967,0.074738,0.016478,0.081231,0.060964,-0.0012621,0.00093325
0.3951,0.30358,0.31502,-0.018651,0.13269,0.11745,0.093016,0.29629,0.10363,0.28325,0.56092,0.44557,0.34598,0.10666,0.12158,0.24149,0.18535,0.18301,1,-0.0042152,0.13582,0.17434,0.03917,0.14658,0.11351,0.067208,0.042786,0.04845,0.075301,0.090316,0.020222,0.0015098,0.27105,0.0093643,0.027783,-0.036309,-0.040594,-0.0039672,-0.033214,0.13493,0.12475,0.15344,0.050917,0.079231,0.072453,-0.022929,0.040785,0.011738,0.15452,0.011537,0.053578,0.18131
0.37598,0.38634,0.33359,0.21488,0.1365,0.23217,0.12155,0.33444,0.22519,0.41076,0.4589,0.36699,0.41231,0.17107,0.16803,0.12299,0.143,0.14818,0.30366,1,0.092113,0.024661,0.18271,0.093212,-0.067613,-0.10837,0.06666,-0.01777,-0.045284,-0.14857,0.18507,0.022768,0.083158,0.15079,0.13334,-0.042886,0.017745,-0.0084945,0.037415,0.090139,0.16506,0.012044,0.15134,0.12616,-0.004114,0.095115,-0.035618,0.074435,0.063702,0.031853,-0.00089567,0.18233
0.1915,0.10771,0.25719,0.17134,-0.0061034,0.010147,0.24911,0.25528,-0.058485,0.35156,0.064878,0.012762,0.062273,0.077689,0.1393,0.034067,-0.027699,0.20289,0.057276,0.13467,1,0.2501,0.12288,0.14241,0.15519,0.10074,0.13216,0.18401,0.17422,0.05066,0.22288,0.23508,0.23146,0.15138,0.28266,0.12748,0.063363,0.15717,0.11138,0.147,0.11165,0.15938,0.17066,0.31971,0.18106,0.11217,0.1524,0.07203,0.19851,0.11054,0.16064,0.33355
-0.094687,-0.17641,-0.12364,-0.29437,-0.11496,0.20294,-0.24715,-0.15771,-0.083068,-0.052549,0.29467,0.2386,0.096027,-0.25587,-0.23973,0.013961,0.050139,-0.11565,0.15231,0.096599,-0.20294,1,0.13758,0.042083,0.17855,0.13957,0.017438,0.15771,0.020448,-0.055056,0.37603,0.30168,0.7072,0.11396,0.23633,0.0041647,-0.074802,0.063768,0.082783,0.27179,0.35613,0.45704,0.31159,0.37465,0.1606,0.22414,-0.057623,0.026288,0.1165,0.18847,0.34032,0.41783
0.15033,0.26573,0.086806,0.066075,-0.030167,0.12867,-0.11881,0.060383,0.12376,0.11218,0.22016,0.2552,0.3852,-0.16781,-0.11053,0.035214,0.23823,0.05509,0.26328,0.26979,-0.195,0.12703,1,-0.076946,-0.11683,0.0053926,0.038713,0.10808,0.018265,0.041365,0.090489,0.062829,-0.013997,0.23,0.18768,-0.043161,-0.090489,-0.072742,0.080886,-0.07875,-0.069188,-0.054935,-0.0090399,0.04964,-0.038784,-0.0017227,-0.027348,0.064833,0.00033507,-0.14123,-0.037421,0.083438
0.16725,0.18599,0.33614,0.18901,0.26356,0.082529,0.25768,0.16823,0.12824,0.14641,0.19947,0.24602,0.21411,0.33495,0.23764,0.32631,0.102,0.20689,0.34305,0.18404,0.10894,-0.095277,0.037871,1,-0.00093531,-0.010589,0.050495,0.11916,-0.070775,0.034682,0.11862,-0.0071632,0.11674,-0.038786,0.16225,0.18109,0.10502,0.11776,0.10114,0.027877,0.105,0.011188,-0.012995,0.18714,0.008608,-0.016579,0.04695,-0.045554,0.048398,0.031349,-0.069651,0.074703
0.22736,0.27383,0.37255,0.35289,0.13428,-0.037944,0.21646,0.22729,0.10795,0.16081,0.081161,0.01844,0.083257,0.45598,0.36234,0.16939,0.032843,0.19941,0.22433,0.15265,0.12126,-0.18578,-0.08543,0.35851,1,0.01037,-0.052368,0.0084701,0.03314,0.088796,0.082103,0.035029,0.21937,-0.10076,0.0061882,0.0085427,0.059305,-0.085104,0.0085835,0.21452,0.098942,0.15836,0.068122,0.21682,0.1673,0.11017,0.16542,0.027263,-0.0044997,0.21891,0.0618,0.14979
0.21854,0.17196,0.35162,0.27031,0.36014,0.21773,0.3916,0.34366,-0.04502,0.33056,0.25766,0.26628,0.30917,0.21697,0.23457,0.34357,0.061635,0.27144,0.25881,0.16414,0.19589,0.013075,-0.060592,0.29213,0.25319,1,0.06869,-0.026781,0.15264,0.21308,0.17923,0.022106,0.21192,0.14536,0.0064874,0.025804,0.016165,-0.0211,0.041664,0.0085605,0.08305,0.10429,-0.048879,0.032283,-0.081474,0.053264,-0.00069282,-0.011276,0.10463,0.027607,0.24476,-0.061464
0.18778,0.22372,0.37598,0.20948,0.41279,0.26269,0.28337,0.40515,-0.0043063,0.36774,0.2383,0.22685,0.32587,0.032421,0.26013,0.41166,0.10458,0.13274,0.2791,0.23513,0.20285,-0.070003,-0.0091995,0.23852,0.094495,0.51304,1,-0.051893,0.046908,0.077552,0.16653,-0.030296,0.072474,0.043553,0.10063,0.12922,0.10075,-0.033439,-0.10519,-0.013767,0.068811,0.029618,0.10508,0.073089,0.049814,0.10132,0.04232,0.031912,-0.038011,0.039599,0.025413,0.039274
0.17336,0.086722,0.2348,0.21202,0.23422,0.17307,0.31193,0.14471,0.055191,0.19107,0.081822,0.15345,0.046912,0.10789,0.077379,0.3094,0.13802,0.19876,0.15716,0.058385,0.11345,-0.034477,-0.058054,0.16434,0.25611,0.21398,0.20109,1,0.010472,-0.089309,0.11704,0.16877,0.046945,0.015713,0.14339,0.03163,0.10772,0.055402,0.020467,-0.010567,-0.025726,0.036402,0.088005,0.18565,0.035568,-0.083162,0.026706,-0.059183,0.026876,-0.0016185,0.0052324,0.24971
0.070509,-0.017594,0.12198,0.095071,0.067531,0.11413,0.20232,0.10439,0.0066383,0.087148,-0.0088563,0.19866,-0.10443,0.22252,0.20574,0.17878,-0.035014,0.067109,0.065391,0.1273,0.15659,-0.017824,-0.21013,0.18995,0.19978,0.18782,0.10286,0.20864,1,-0.01125,0.091743,-0.014389,0.085879,0.13059,-0.022912,-0.097335,-0.12504,0.022188,-0.051801,0.024968,0.08968,0.094916,-0.060373,-0.062834,0.077764,0.045986,-0.15474,0.095882,0.10529,0.020214,0.26089,-0.053104
0.12331,0.12156,-0.001137,-0.025177,0.024887,0.065379,-0.0048324,0.071765,0.2912,0.048627,0.14161,0.16696,0.1218,0.069221,-0.12599,-0.006907,-0.093594,0.12483,0.16336,0.13224,-0.14424,-0.0019817,0.15754,0.090375,-0.112,0.075437,0.019799,0.024092,-0.020189,1,0.052941,-0.016776,0.027401,-0.19848,0.0057513,0.0002951,0.16144,-0.10069,-0.012873,-0.092756,-0.11321,0.17637,0.0035553,-0.025564,0.043391,-0.16043,-0.094919,0.14019,-0.047401,-0.098692,0.012803,0.06101
0.0048097,0.10797,0.13438,-0.044372,0.010387,0.093947,-0.075605,0.12976,-0.031318,0.09676,0.20877,0.21102,0.21154,-0.016033,0.013443,0.11598,0.11232,0.024339,0.20581,0.38047,-0.073311,0.254,0.3556,0.013146,0.013168,0.093852,0.094992,0.043373,0.020374,-0.030923,1,0.17675,0.353,0.14074,0.28261,0.080233,0.15153,-0.032072,0.0019711,0.17704,0.37651,0.29519,0.15626,0.44115,0.051932,0.084756,0.02341,0.091024,0.08564,0.22506,0.4221,0.38402
-0.034246,-0.014877,-0.078678,-0.081767,-0.086135,-0.069921,-0.050444,0.015907,0.023068,0.031219,-0.0081336,-0.0021115,0.018995,-0.014007,0.011509,-0.15457,-0.0091367,-0.0037459,-0.068327,0.011049,-0.066519,0.11574,-0.050614,-0.12904,-0.097134,-0.010445,-0.070879,-0.12434,-0.059017,0.087491,-0.046016,1,0.27314,0.019289,0.026543,0.020714,0.10368,0.091275,0.074,0.1247,0.021565,0.19567,0.20813,0.28603,-0.022626,0.054119,0.067483,0.019735,0.0084359,0.014369,0.13848,0.3429
0.050713,-0.094644,-0.11674,-0.25799,-0.12688,0.23846,-0.12406,-0.039949,-0.01247,0.070905,0.34291,0.29182,0.10818,-0.23415,-0.30288,-0.024911,0.081394,-0.11129,0.17674,0.13712,-0.166,0.66393,0.24643,-0.095596,-0.26852,0.046003,-0.020885,-0.09116,-0.10134,0.028016,0.22409,0.21894,1,-0.012052,0.28124,0.055766,0.08013,0.036496,0.10309,0.23421,0.45041,0.43331,0.23313,0.39413,0.24023,0.13961,-0.10315,0.081224,0.12767,0.17214,0.43014,0.48632
0.27194,0.24683,0.2878,0.31891,0.15866,0.018866,0.19863,0.17689,-0.020914,0.19773,0.2306,0.3048,0.37233,0.22034,0.13782,0.13453,0.15963,0.22389,0.208,0.27936,0.12361,-0.011867,0.30692,0.22499,0.16823,0.26976,0.14764,0.11389,0.20941,0.026182,0.1144,-0.032773,-0.080188,1,0.099996,0.018032,-0.025082,0.052482,0.041169,0.0099262,0.22716,0.0061377,0.0064206,0.065816,0.0026899,0.073502,0.047227,0.04635,0.062866,-0.077845,0.12384,0.0060822
0.3723,0.38319,0.41268,0.37699,0.13112,0.17582,0.37169,0.33237,0.21124,0.38163,-0.025387,0.11245,0.1234,0.3477,0.16978,0.17155,0.045111,0.2459,0.17342,0.11443,0.18239,-0.33987,0.016513,0.23553,0.37975,0.28152,0.20157,0.37134,0.23314,0.14236,-0.11774,-0.069164,-0.2295,0.23752,1,0.042727,0.13144,-0.0056759,0.078277,0.044007,0.13599,0.071593,0.20753,0.37855,0.18021,0.18848,0.051498,0.0070153,0.1246,0.14162,0.10705,0.23802
0.22617,0.34838,0.37248,0.26056,0.22749,0.048488,0.28829,0.29104,0.12615,0.32282,0.14405,0.16753,0.3829,0.26167,0.17673,0.29201,0.032864,0.35631,0.24115,0.14519,0.13685,-0.16773,-0.005255,0.40108,0.29592,0.41292,0.32292,0.12305,0.13679,0.18534,-0.016006,0.013514,-0.16873,0.33233,0.33855,1,-0.034887,0.15877,-0.097343,-0.091245,0.12091,0.0042611,-0.030499,0.15495,0.11361,0.13171,0.046401,0.043085,0.037739,0.0011684,-0.020033,0.15727
0.33452,0.3963,0.3248,0.17275,0.2517,0.080641,0.15423,0.4095,0.23619,0.34618,0.30802,0.28917,0.3527,0.13199,0.16363,0.19459,-0.03104,0.17774,0.36836,0.18722,0.054093,-0.11562,-0.021629,0.18379,0.28088,0.32076,0.32403,0.19059,0.10402,0.19358,0.033623,-0.1042,-0.099232,0.13157,0.36381,0.37929,1,-0.057394,0.070078,0.022809,0.0045734,-0.016471,0.11761,0.20369,0.012973,0.092146,0.25096,-0.028081,0.068444,0.10634,-0.070871,0.15276
0.15681,0.040581,0.067292,0.16443,0.2825,0.12606,0.10164,0.068827,0.088505,0.08862,0.20701,0.090944,0.18171,0.097577,0.064421,0.18605,0.074532,0.16645,0.14684,0.10317,-0.05009,-0.072949,-0.032018,0.1406,0.070135,0.23005,0.21243,0.20807,0.048479,0.22004,-0.10404,-0.021584,-0.028835,0.097587,0.16617,0.13017,0.22116,1,-0.061875,0.00087794,-0.0013449,0.0021527,0.12414,0.12499,0.079719,0.0061035,-0.0085269,-0.071106,0.17075,-0.069261,0.082432,0.065871
0.068067,-0.014316,0.073406,0.094452,0.13679,0.049337,0.10984,-0.022076,0.002276,0.039206,-0.020963,0.0043154,0.11825,0.15143,-0.023355,0.18258,0.0050351,0.055299,0.029007,-0.027452,-0.061226,0.037738,-0.14818,0.1121,0.14266,0.096543,0.045307,0.085712,0.041745,0.019127,-0.1713,0.02309,0.066472,-0.0013001,0.14318,0.1304,0.035759,0.12275,1,0.030918,-0.13197,0.072322,0.18132,0.25216,0.0044133,0.086303,0.009359,-0.026888,0.11605,-0.076044,0.045537,0.11825
0.23457,0.13177,0.26289,0.16348,0.17704,0.097787,0.46013,0.20932,0.1015,0.10328,0.027233,0.08008,0.078243,0.26153,0.22809,0.14128,-0.084383,0.19494,0.14968,0.033057,0.17331,-0.29802,-0.26726,0.29239,0.41998,0.26479,0.21824,0.2485,0.30132,-0.0071394,-0.11687,-0.081423,-0.26027,0.050581,0.48246,0.27743,0.27179,0.12209,0.13479,1,0.2645,0.1051,0.21226,0.1484,0.13459,0.12551,0.058937,0.0040422,0.051021,0.20701,0.16863,0.086966
0.15313,0.1012,0.23467,-0.066737,-0.0067157,0.13777,0.018133,0.11185,-0.017305,0.10189,0.42083,0.31932,0.1808,0.12962,0.11783,0.10757,0.087836,0.048051,0.38898,0.36532,0.080823,0.39663,0.074595,0.20229,0.24006,0.22892,0.14729,0.090272,0.27027,0.075771,0.45048,0.10763,0.26814,0.1903,-0.036551,0.14003,0.15565,-0.037177,-0.06658,0.075784,1,0.17321,0.079104,0.19633,0.12437,0.11671,-0.02319,0.066403,0.12144,0.078543,0.21414,0.18566
-0.048972,-0.14918,-0.0033094,-0.056685,0.020856,0.15186,-0.069589,-0.11284,-0.17608,0.060607,0.21719,0.10145,0.13438,-0.07023,-0.030529,-0.011373,0.13705,-0.030073,0.14745,0.23326,-0.024638,0.43059,0.18149,0.060012,-0.07178,-0.015598,0.0046729,-0.035404,-0.044154,-0.025531,0.3877,0.16547,0.3201,0.10412,-0.25443,-0.12047,-0.211,-0.036752,-0.017818,-0.16955,0.43038,1,0.38891,0.31766,0.16274,0.012609,-0.04749,-0.025953,0.15174,0.13223,0.32111,0.47485
0.10237,-0.0056551,-0.089809,-0.016351,-0.03252,0.027275,0.092515,-0.061571,0.071483,0.18876,0.26892,0.11791,0.124,-0.021515,0.058,-0.12333,0.22053,0.057855,0.18257,0.093368,0.025461,0.15991,0.029133,0.038883,0.028317,-0.00060149,0.07844,0.030115,0.052438,-0.021764,0.02443,0.096061,0.17099,0.079429,-0.021864,0.04195,0.045036,-0.027651,-0.022944,-0.0038586,0.18644,0.24817,1,0.41381,0.046521,0.091212,0.0043767,-0.10344,0.10047,0.1262,0.10193,0.38124
-0.0039611,-0.10261,-0.18279,-0.12004,-0.13946,-0.036577,0.052834,-0.17761,-0.024046,0.074299,0.23605,0.084752,0.10118,-0.078521,0.087286,-0.088585,0.1362,0.041359,0.1625,0.0408,0.065445,0.091962,0.053075,0.037688,-0.0051488,-0.017133,0.02062,0.074163,0.17647,0.0032424,0.0079611,0.09357,0.10359,0.076567,-0.01993,-0.011235,0.074497,0.049336,0.039336,0.095495,0.19976,0.1841,0.47688,1,0.12804,0.15832,0.16133,-0.076322,0.21148,0.16807,0.3064,0.59625
0.42125,0.35643,0.28297,0.24834,0.092956,0.029909,0.39105,0.21998,0.027447,0.24928,0.17108,0.19384,0.15584,0.33726,0.20256,0.12897,0.1377,0.26083,0.17955,0.18496,0.21756,-0.11686,-0.036394,0.2347,0.35775,0.22799,0.21335,0.31211,0.22142,-0.012145,-0.046165,0.097951,-0.084572,0.31861,0.42495,0.34678,0.25843,0.11166,0.098618,0.32252,0.15925,-0.088722,0.13026,0.082143,1,0.066933,0.051527,0.17792,0.18751,0.22884,0.15485,0.14484
0.27988,0.32003,0.33495,0.48679,0.27685,0.14729,0.23846,0.31124,0.23139,0.27674,0.034845,0.18175,0.23178,0.21972,0.13002,0.13202,0.12592,0.20215,0.13602,0.24768,0.14402,-0.13566,0.20842,0.24059,0.27237,0.32008,0.15382,0.22408,0.11307,0.094273,-0.038203,0.0095266,-0.055593,0.41799,0.4466,0.28444,0.2037,0.19968,0.065919,0.17326,-0.020228,-0.062123,0.033632,-0.11797,0.31529,1,0.21037,0.054466,0.089369,0.11018,0.054413,0.012124
0.35361,0.45469,0.42149,0.12314,0.092372,0.021509,0.17971,0.35829,0.28979,0.33569,0.2906,0.22159,0.43588,0.20409,0.10433,0.12963,-0.0085114,0.14111,0.32594,0.20161,0.1541,-0.16186,-0.057202,0.20637,0.26702,0.25191,0.34236,0.16195,0.037907,0.14611,-0.10171,-0.043445,-0.13994,0.17252,0.33783,0.43015,0.64835,0.20654,0.10045,0.24315,0.16528,-0.15769,0.052884,0.036733,0.23034,0.18938,1,-0.020004,0.068967,0.12173,-0.1115,0.094251
0.22797,0.18231,0.15907,0.20139,0.21941,0.075614,0.055327,0.23928,0.21502,0.10388,0.23978,0.2052,0.27292,0.064015,0.10428,0.031305,-0.040318,0.086166,0.18168,0.23976,-0.016518,-0.10474,0.057769,0.044566,0.10602,0.25633,0.28315,0.035664,0.069046,0.23643,0.12949,0.0034847,0.041046,0.14597,0.15625,0.15201,0.27871,0.23763,0.038469,0.21806,0.11309,-0.048693,0.026182,-0.024905,0.090525,0.28728,0.18759,1,0.059435,0.054286,-0.0026717,0.029399
0.1408,0.10314,0.16874,0.12338,0.079024,-0.0070099,0.1366,0.15026,-0.037337,0.15226,0.12761,0.068018,0.029021,0.13677,0.2854,0.1211,-0.031867,0.084427,0.19783,0.019989,0.11837,-0.12226,-0.14151,0.16433,0.24094,0.17098,0.13149,0.16819,0.14736,0.037135,-0.12021,0.10392,-0.14248,0.1945,0.21581,0.16776,0.20451,0.1643,0.068764,0.16093,0.038481,-0.02523,0.077749,0.15023,0.2656,0.093215,0.16222,-0.0090855,1,0.14027,0.20142,0.13975
0.35408,0.37838,0.43012,0.23769,0.11341,0.080779,0.34046,0.37431,0.18079,0.4302,0.084929,0.23438,0.2566,0.25379,0.21765,0.25257,0.0034876,0.28937,0.21641,0.28248,0.25638,-0.11216,-0.076998,0.24771,0.5098,0.35149,0.26402,0.26854,0.34905,-0.096963,0.053485,-0.026821,-0.18051,0.21254,0.45421,0.43369,0.42635,0.067341,0.10643,0.47465,0.15389,-0.15237,0.022574,0.051901,0.40506,0.22594,0.41579,0.067473,0.18231,1,0.1705,0.12373
0.26365,0.26598,0.24989,0.12004,0.10361,0.11928,0.18566,0.24191,0.20777,0.34111,0.29081,0.25803,0.23292,0.32974,0.026291,0.21555,0.029708,0.2108,0.30299,0.25806,0.028306,0.07178,0.095244,0.17413,0.27026,0.27312,0.16153,0.095351,0.19902,0.016466,0.25179,-0.019036,0.18769,0.26099,0.16896,0.3371,0.26242,0.032843,0.078538,0.16744,0.35325,0.12809,0.18154,0.13591,0.25766,0.16886,0.26162,0.18649,0.16252,0.33583,1,0.30897
0.073474,-0.049201,-0.11876,-0.0050643,-0.1755,-0.19577,-0.13886,-0.17806,-0.03248,-0.088635,0.14642,-0.098301,-0.076046,0.049857,-0.065362,-0.28778,0.1807,0.050393,-0.0072096,-0.071221,-0.12441,0.28986,-0.00080852,-0.049065,0.058454,-0.13988,-0.30455,0.0054354,-0.14876,-0.11109,0.026348,0.19288,0.28912,-0.044937,-0.12136,-0.092966,-0.11226,-0.10147,0.012402,-0.1751,0.15687,0.27318,0.30237,0.22868,0.08047,-0.043137,-0.11155,-0.11309,0.053885,-0.098236,0.25967,1
